id,route_id,source,carrier,flight_number,flight_date,booking_window,base_fare,taxes,total_fare,scraped_at,is_outlier,outlier_reason,departure_time,is_nonstop
fare_DEL-BOM_QP_2026-08-31_T+1_1788701812001_3qvj,DEL-BOM,EaseMyTrip,QP,QP-1942,2026-08-31,T+1,5427,1191,6618,2026-08-30T21:23:20.903Z,FALSE,"",21:05,TRUE
fare_DEL-BOM_6E_2026-08-31_T+1_1788701812001_bxll,DEL-BOM,EaseMyTrip,6E,6E-6114,2026-08-31,T+1,5484,1204,6688,2026-08-30T21:23:20.903Z,FALSE,"",22:45,TRUE
fare_DEL-BOM_SG_2026-08-31_T+1_1788701812001_uo28,DEL-BOM,EaseMyTrip,SG,SG-843,2026-08-31,T+1,5669,1244,6913,2026-08-30T21:23:20.903Z,FALSE,"",22:30,TRUE
fare_DEL-BOM_SG_2026-08-31_T+1_1788701812001_upk5,DEL-BOM,EaseMyTrip,SG,SG-190,2026-08-31,T+1,5669,1244,6913,2026-08-30T21:23:20.903Z,FALSE,"",22:30,TRUE
fare_DEL-BOM_AI_2026-08-31_T+1_1788701812001_wxec,DEL-BOM,EaseMyTrip,AI,AI-2433,2026-08-31,T+1,5740,1260,7000,2026-08-30T21:23:20.903Z,FALSE,"",21:30,TRUE
fare_DEL-BOM_AI_2026-08-31_T+1_1788701812001_ikqv,DEL-BOM,EaseMyTrip,AI,AI-2999,2026-08-31,T+1,5740,1260,7000,2026-08-30T21:23:20.903Z,FALSE,"",22:00,TRUE
fare_DEL-BOM_AI_2026-08-31_T+1_1788701812001_nkav,DEL-BOM,EaseMyTrip,AI,AI-2437,2026-08-31,T+1,5740,1260,7000,2026-08-30T21:23:20.903Z,FALSE,"",22:30,TRUE
fare_DEL-BOM_AI_2026-08-31_T+1_1788701812001_1qtt,DEL-BOM,EaseMyTrip,AI,AI-2439,2026-08-31,T+1,5740,1260,7000,2026-08-30T21:23:20.903Z,FALSE,"",23:00,TRUE
fare_DEL-BOM_AI_2026-08-31_T+1_1788701812001_kj5q,DEL-BOM,EaseMyTrip,AI,AI-2957,2026-08-31,T+1,5740,1260,7000,2026-08-30T21:23:20.903Z,FALSE,"",20:30,TRUE
fare_DEL-BOM_6E_2026-08-31_T+1_1788701812001_mvt7,DEL-BOM,EaseMyTrip,6E,6E-5096,2026-08-31,T+1,5627,1235,6862,2026-08-30T21:23:20.903Z,FALSE,"",17:00,TRUE
fare_DEL-BOM_6E_2026-08-31_T+1_1788701812001_v19y,DEL-BOM,EaseMyTrip,6E,6E-168,2026-08-31,T+1,5656,1242,6898,2026-08-30T21:23:20.903Z,FALSE,"",23:30,TRUE
fare_DEL-BOM_6E_2026-08-31_T+1_1788701812001_lnab,DEL-BOM,EaseMyTrip,6E,6E-704,2026-08-31,T+1,5656,1242,6898,2026-08-30T21:23:20.903Z,FALSE,"",23:30,TRUE
fare_DEL-BOM_6E_2026-08-31_T+1_1788701812001_pmq3,DEL-BOM,EaseMyTrip,6E,6E-841,2026-08-31,T+1,5656,1242,6898,2026-08-30T21:23:20.903Z,FALSE,"",21:45,TRUE
fare_DEL-BOM_6E_2026-08-31_T+1_1788701812001_ispo,DEL-BOM,EaseMyTrip,6E,6E-611,2026-08-31,T+1,5656,1242,6898,2026-08-30T21:23:20.903Z,FALSE,"",21:45,TRUE
fare_DEL-BOM_AI_2026-08-31_T+1_1788701812001_iuu4,DEL-BOM,EaseMyTrip,AI,AI-2981,2026-08-31,T+1,5870,1289,7159,2026-08-30T21:23:20.903Z,FALSE,"",21:00,TRUE
fare_DEL-BOM_QP_2026-08-31_T+1_1788701812001_0azy,DEL-BOM,EaseMyTrip,QP,QP-1940,2026-08-31,T+1,5773,1267,7040,2026-08-30T21:23:20.903Z,FALSE,"",14:10,TRUE
fare_DEL-BOM_6E_2026-08-31_T+1_1788701812001_scga,DEL-BOM,EaseMyTrip,6E,6E-668,2026-08-31,T+1,5871,1289,7160,2026-08-30T21:23:20.903Z,FALSE,"",20:45,TRUE
fare_DEL-BOM_6E_2026-08-31_T+1_1788701812001_fz92,DEL-BOM,EaseMyTrip,6E,6E-864,2026-08-31,T+1,5871,1289,7160,2026-08-30T21:23:20.903Z,FALSE,"",20:45,TRUE
fare_DEL-BOM_AI_2026-08-31_T+1_1788701812001_jv08,DEL-BOM,EaseMyTrip,AI,AI-2941,2026-08-31,T+1,6043,1326,7369,2026-08-30T21:23:20.903Z,FALSE,"",16:30,TRUE
fare_DEL-BOM_AI_2026-08-31_T+1_1788701812001_wtel,DEL-BOM,EaseMyTrip,AI,AI-441,2026-08-31,T+1,6043,1326,7369,2026-08-30T21:23:20.903Z,FALSE,"",17:00,TRUE
fare_DEL-BOM_AI_2026-08-31_T+1_1788701812001_tk62,DEL-BOM,EaseMyTrip,AI,AI-2751,2026-08-31,T+1,6043,1326,7369,2026-08-30T21:23:20.903Z,FALSE,"",17:30,TRUE
fare_DEL-BOM_AI_2026-08-31_T+1_1788701812001_gptp,DEL-BOM,EaseMyTrip,AI,AI-2805,2026-08-31,T+1,6043,1326,7369,2026-08-30T21:23:20.903Z,FALSE,"",20:00,TRUE
fare_DEL-BOM_SG_2026-08-31_T+1_1788701812001_y799,DEL-BOM,EaseMyTrip,SG,SG-613,2026-08-31,T+1,6124,1344,7468,2026-08-30T21:23:20.903Z,FALSE,"",21:00,TRUE
fare_DEL-BOM_SG_2026-08-31_T+1_1788701812001_mi7a,DEL-BOM,EaseMyTrip,SG,SG-869,2026-08-31,T+1,6124,1344,7468,2026-08-30T21:23:20.903Z,FALSE,"",21:00,TRUE
fare_DEL-BOM_QP_2026-08-31_T+1_1788701812001_miva,DEL-BOM,EaseMyTrip,QP,QP-1128,2026-08-31,T+1,5968,1310,7278,2026-08-30T21:23:20.903Z,FALSE,"",16:00,TRUE
fare_DEL-BOM_AI_2026-08-31_T+1_1788701812001_n4nf,DEL-BOM,EaseMyTrip,AI,AI-2985,2026-08-31,T+1,6257,1373,7630,2026-08-30T21:23:20.903Z,FALSE,"",19:30,TRUE
fare_DEL-BOM_AI_2026-08-31_T+1_1788701812001_my9m,DEL-BOM,EaseMyTrip,AI,AI-2441,2026-08-31,T+1,6257,1373,7630,2026-08-30T21:23:20.903Z,FALSE,"",18:25,TRUE
fare_DEL-BOM_6E_2026-08-31_T+1_1788701812001_z01r,DEL-BOM,EaseMyTrip,6E,6E-884,2026-08-31,T+1,6130,1345,7475,2026-08-30T21:23:20.903Z,FALSE,"",20:00,TRUE
fare_DEL-BOM_6E_2026-08-31_T+1_1788701812001_4fpr,DEL-BOM,EaseMyTrip,6E,6E-439,2026-08-31,T+1,6130,1345,7475,2026-08-30T21:23:20.903Z,FALSE,"",20:00,TRUE
fare_DEL-BOM_6E_2026-08-31_T+1_1788701812001_au97,DEL-BOM,EaseMyTrip,6E,6E-855,2026-08-31,T+1,6130,1345,7475,2026-08-30T21:23:20.903Z,FALSE,"",18:00,TRUE
fare_DEL-BOM_6E_2026-08-31_T+1_1788701812001_oxnb,DEL-BOM,EaseMyTrip,6E,6E-236,2026-08-31,T+1,6130,1345,7475,2026-08-30T21:23:20.903Z,FALSE,"",18:00,TRUE
fare_DEL-BOM_6E_2026-08-31_T+1_1788701812001_9ecl,DEL-BOM,EaseMyTrip,6E,6E-6706,2026-08-31,T+1,6130,1345,7475,2026-08-30T21:23:20.903Z,FALSE,"",17:00,TRUE
fare_DEL-BOM_6E_2026-08-31_T+1_1788701812001_3l6z,DEL-BOM,EaseMyTrip,6E,6E-6479,2026-08-31,T+1,6135,1347,7482,2026-08-30T21:23:20.903Z,FALSE,"",21:25,FALSE
fare_DEL-BOM_6E_2026-08-31_T+1_1788701812001_37v5,DEL-BOM,EaseMyTrip,6E,6E-5298,2026-08-31,T+1,6135,1347,7482,2026-08-30T21:23:20.903Z,FALSE,"",09:00,FALSE
fare_DEL-BOM_AI_2026-08-31_T+1_1788701812001_hs92,DEL-BOM,EaseMyTrip,AI,AI-2955,2026-08-31,T+1,6309,1385,7694,2026-08-30T21:23:20.903Z,FALSE,"",18:00,TRUE
fare_DEL-BOM_AI_2026-08-31_T+1_1788701812001_nxeh,DEL-BOM,EaseMyTrip,AI,AI-2977,2026-08-31,T+1,6414,1408,7822,2026-08-30T21:23:20.903Z,FALSE,"",19:00,TRUE
fare_DEL-BOM_6E_2026-08-31_T+1_1788701812001_fm82,DEL-BOM,EaseMyTrip,6E,6E-326,2026-08-31,T+1,6307,1385,7692,2026-08-30T21:23:20.903Z,FALSE,"",19:30,FALSE
fare_DEL-BOM_6E_2026-08-31_T+1_1788701812001_k37y,DEL-BOM,EaseMyTrip,6E,6E-783,2026-08-31,T+1,6307,1385,7692,2026-08-30T21:23:20.903Z,FALSE,"",19:30,FALSE
fare_DEL-BOM_6E_2026-08-31_T+1_1788701812001_9cmh,DEL-BOM,EaseMyTrip,6E,6E-318,2026-08-31,T+1,6388,1402,7790,2026-08-30T21:23:20.903Z,FALSE,"",19:00,TRUE
fare_DEL-BOM_6E_2026-08-31_T+1_1788701812001_f37a,DEL-BOM,EaseMyTrip,6E,6E-249,2026-08-31,T+1,6388,1402,7790,2026-08-30T21:23:20.903Z,FALSE,"",19:00,TRUE
fare_DEL-BOM_AI_2026-08-31_T+1_1788701812001_r11h,DEL-BOM,EaseMyTrip,AI,AI-1777,2026-08-31,T+1,6836,1500,8336,2026-08-30T21:23:20.903Z,FALSE,"",16:00,TRUE
fare_DEL-BOM_AI_2026-08-31_T+1_1788701812001_z07k,DEL-BOM,EaseMyTrip,AI,AI-1780,2026-08-31,T+1,6836,1500,8336,2026-08-30T21:23:20.903Z,FALSE,"",14:30,TRUE
fare_DEL-BOM_6E_2026-08-31_T+1_1788701812001_fdq3,DEL-BOM,EaseMyTrip,6E,6E-766,2026-08-31,T+1,6690,1468,8158,2026-08-30T21:23:20.903Z,FALSE,"",16:15,TRUE
fare_DEL-BOM_6E_2026-08-31_T+1_1788701812001_236f,DEL-BOM,EaseMyTrip,6E,6E-724,2026-08-31,T+1,6690,1468,8158,2026-08-30T21:23:20.903Z,FALSE,"",16:15,TRUE
fare_DEL-BOM_6E_2026-08-31_T+1_1788701812001_fkdv,DEL-BOM,EaseMyTrip,6E,6E-780,2026-08-31,T+1,6690,1468,8158,2026-08-30T21:23:20.903Z,FALSE,"",15:30,TRUE
fare_DEL-BOM_6E_2026-08-31_T+1_1788701812001_m7m1,DEL-BOM,EaseMyTrip,6E,6E-561,2026-08-31,T+1,6690,1468,8158,2026-08-30T21:23:20.903Z,FALSE,"",15:30,TRUE
fare_DEL-BOM_QP_2026-08-31_T+1_1788701812001_eg60,DEL-BOM,EaseMyTrip,QP,QP-1836,2026-08-31,T+1,6906,1516,8422,2026-08-30T21:23:20.903Z,FALSE,"",12:05,TRUE
fare_DEL-BOM_6E_2026-08-31_T+1_1788701812001_mmr3,DEL-BOM,EaseMyTrip,6E,6E-6318,2026-08-31,T+1,7034,1544,8578,2026-08-30T21:23:20.903Z,FALSE,"",14:45,TRUE
fare_DEL-BOM_6E_2026-08-31_T+1_1788701812001_b5mx,DEL-BOM,EaseMyTrip,6E,6E-6022,2026-08-31,T+1,7034,1544,8578,2026-08-30T21:23:20.903Z,FALSE,"",14:00,TRUE
fare_DEL-BOM_QP_2026-08-31_T+1_1788701812001_y0ch,DEL-BOM,EaseMyTrip,QP,QP-1110,2026-08-31,T+1,7433,1632,9065,2026-08-30T21:23:20.903Z,FALSE,"",10:30,TRUE
fare_DEL-BOM_6E_2026-08-31_T+1_1788701812001_3to3,DEL-BOM,EaseMyTrip,6E,6E-6047,2026-08-31,T+1,7464,1639,9103,2026-08-30T21:23:20.903Z,FALSE,"",11:00,TRUE
fare_DEL-BOM_6E_2026-08-31_T+1_1788701812001_umja,DEL-BOM,EaseMyTrip,6E,6E-545,2026-08-31,T+1,7464,1639,9103,2026-08-30T21:23:20.903Z,FALSE,"",13:00,TRUE
fare_DEL-BOM_6E_2026-08-31_T+1_1788701812001_gaub,DEL-BOM,EaseMyTrip,6E,6E-810,2026-08-31,T+1,7464,1639,9103,2026-08-30T21:23:20.903Z,FALSE,"",13:00,TRUE
fare_DEL-BOM_QP_2026-08-31_T+1_1788701812001_bnov,DEL-BOM,EaseMyTrip,QP,QP-2074,2026-08-31,T+1,7581,1664,9245,2026-08-30T21:23:20.903Z,FALSE,"",14:10,TRUE
fare_DEL-BOM_AI_2026-08-31_T+1_1788701812001_dovn,DEL-BOM,EaseMyTrip,AI,AI-2933,2026-08-31,T+1,7804,1713,9517,2026-08-30T21:23:20.903Z,FALSE,"",15:30,TRUE
fare_DEL-BOM_6E_2026-08-31_T+1_1788701812001_ool1,DEL-BOM,EaseMyTrip,6E,6E-6433,2026-08-31,T+1,7667,1683,9350,2026-08-30T21:23:20.903Z,FALSE,"",16:30,FALSE
fare_DEL-BOM_6E_2026-08-31_T+1_1788701812001_lm3o,DEL-BOM,EaseMyTrip,6E,6E-5206,2026-08-31,T+1,7731,1697,9428,2026-08-30T21:23:20.903Z,FALSE,"",13:20,FALSE
fare_DEL-BOM_6E_2026-08-31_T+1_1788701812001_ah02,DEL-BOM,EaseMyTrip,6E,6E-6470,2026-08-31,T+1,7765,1704,9469,2026-08-30T21:23:20.903Z,FALSE,"",06:55,TRUE
fare_DEL-BOM_6E_2026-08-31_T+1_1788701812001_tsr0,DEL-BOM,EaseMyTrip,6E,6E-411,2026-08-31,T+1,7765,1704,9469,2026-08-30T21:23:20.903Z,FALSE,"",20:20,TRUE
fare_DEL-BOM_6E_2026-08-31_T+1_1788701812001_h3qt,DEL-BOM,EaseMyTrip,6E,6E-506,2026-08-31,T+1,7765,1704,9469,2026-08-30T21:23:20.903Z,FALSE,"",20:20,TRUE
fare_DEL-BOM_AI_2026-08-31_T+1_1788701812001_qhwm,DEL-BOM,EaseMyTrip,AI,AI-2927,2026-08-31,T+1,7976,1751,9727,2026-08-30T21:23:20.903Z,FALSE,"",09:30,TRUE
fare_DEL-BOM_QP_2026-08-31_T+1_1788701812001_vffl,DEL-BOM,EaseMyTrip,QP,QP-1112,2026-08-31,T+1,7859,1725,9584,2026-08-30T21:23:20.903Z,FALSE,"",09:20,TRUE
fare_DEL-BOM_6E_2026-08-31_T+1_1788701812001_y1dk,DEL-BOM,EaseMyTrip,6E,6E-6107,2026-08-31,T+1,7981,1752,9733,2026-08-30T21:23:20.903Z,FALSE,"",09:30,TRUE
fare_DEL-BOM_6E_2026-08-31_T+1_1788701812001_vt9f,DEL-BOM,EaseMyTrip,6E,6E-6676,2026-08-31,T+1,7981,1752,9733,2026-08-30T21:23:20.903Z,FALSE,"",12:00,TRUE
fare_DEL-BOM_6E_2026-08-31_T+1_1788701812001_rtbh,DEL-BOM,EaseMyTrip,6E,6E-6328,2026-08-31,T+1,7981,1752,9733,2026-08-30T21:23:20.903Z,FALSE,"",10:15,TRUE
fare_DEL-BOM_QP_2026-08-31_T+1_1788701812001_5jjv,DEL-BOM,EaseMyTrip,QP,QP-1820,2026-08-31,T+1,8006,1757,9763,2026-08-30T21:23:20.903Z,FALSE,"",17:30,TRUE
fare_DEL-BOM_QP_2026-08-31_T+1_1788701812001_relw,DEL-BOM,EaseMyTrip,QP,QP-1826,2026-08-31,T+1,8156,1790,9946,2026-08-30T21:23:20.903Z,FALSE,"",19:55,TRUE
fare_DEL-BOM_6E_2026-08-31_T+1_1788701812001_lqph,DEL-BOM,EaseMyTrip,6E,6E-6312,2026-08-31,T+1,8308,1824,10132,2026-08-30T21:23:20.903Z,FALSE,"",14:25,FALSE
fare_DEL-BOM_IX_2026-08-31_T+1_1788701812001_mnof,DEL-BOM,EaseMyTrip,IX,IX-1617,2026-08-31,T+1,8963,1967,10930,2026-08-30T21:23:20.903Z,FALSE,"",11:50,FALSE
fare_DEL-BOM_6E_2026-08-31_T+1_1788701812001_fb32,DEL-BOM,EaseMyTrip,6E,6E-985,2026-08-31,T+1,8480,1862,10342,2026-08-30T21:23:20.903Z,FALSE,"",23:15,FALSE
fare_DEL-BOM_6E_2026-08-31_T+1_1788701812001_x5xi,DEL-BOM,EaseMyTrip,6E,6E-437,2026-08-31,T+1,8480,1862,10342,2026-08-30T21:23:20.903Z,FALSE,"",23:15,FALSE
fare_DEL-BOM_6E_2026-08-31_T+1_1788701812001_xt1f,DEL-BOM,EaseMyTrip,6E,6E-838,2026-08-31,T+1,8584,1884,10468,2026-08-30T21:23:20.903Z,FALSE,"",08:45,TRUE
fare_DEL-BOM_6E_2026-08-31_T+1_1788701812001_sfv8,DEL-BOM,EaseMyTrip,6E,6E-420,2026-08-31,T+1,8584,1884,10468,2026-08-30T21:23:20.903Z,FALSE,"",08:45,TRUE
fare_DEL-BOM_AI_2026-08-31_T+1_1788701812001_dq0c,DEL-BOM,EaseMyTrip,AI,AI-2963,2026-08-31,T+1,8819,1936,10755,2026-08-30T21:23:20.903Z,FALSE,"",09:00,TRUE
fare_DEL-BOM_AI_2026-08-31_T+1_1788701812001_lb4e,DEL-BOM,EaseMyTrip,AI,AI-2678,2026-08-31,T+1,8819,1936,10755,2026-08-30T21:23:20.903Z,FALSE,"",08:30,TRUE
fare_DEL-BOM_IX_2026-08-31_T+1_1788701812001_k2e3,DEL-BOM,EaseMyTrip,IX,IX-1392,2026-08-31,T+1,9104,1998,11102,2026-08-30T21:23:20.903Z,FALSE,"",23:25,FALSE
fare_DEL-BOM_6E_2026-08-31_T+1_1788701812001_e14t,DEL-BOM,EaseMyTrip,6E,6E-2169,2026-08-31,T+1,9013,1979,10992,2026-08-30T21:23:20.903Z,FALSE,"",19:40,FALSE
fare_DEL-BOM_6E_2026-08-31_T+1_1788701812001_enso,DEL-BOM,EaseMyTrip,6E,6E-6050,2026-08-31,T+1,9077,1993,11070,2026-08-30T21:23:20.903Z,FALSE,"",08:15,FALSE
fare_DEL-BOM_IX_2026-08-31_T+1_1788701812001_l8ao,DEL-BOM,EaseMyTrip,IX,IX-1038,2026-08-31,T+1,9735,2137,11872,2026-08-30T21:23:20.903Z,FALSE,"",18:40,TRUE
fare_DEL-BOM_AI_2026-08-31_T+1_1788701812001_5gvy,DEL-BOM,EaseMyTrip,AI,AI-9447,2026-08-31,T+1,9551,2097,11648,2026-08-30T21:23:20.903Z,FALSE,"",23:25,FALSE
fare_DEL-BOM_AI_2026-08-31_T+1_1788701812001_1e1j,DEL-BOM,EaseMyTrip,AI,AI-1720,2026-08-31,T+1,9983,2191,12174,2026-08-30T21:23:20.903Z,FALSE,"",20:30,FALSE
fare_DEL-BOM_AI_2026-08-31_T+1_1788701812001_dak4,DEL-BOM,EaseMyTrip,AI,AI-1710,2026-08-31,T+1,9983,2191,12174,2026-08-30T21:23:20.903Z,FALSE,"",18:35,FALSE
fare_DEL-BOM_AI_2026-08-31_T+1_1788701812001_blh0,DEL-BOM,EaseMyTrip,AI,AI-2763,2026-08-31,T+1,9983,2191,12174,2026-08-30T21:23:20.903Z,FALSE,"",13:55,FALSE
fare_DEL-BOM_6E_2026-08-31_T+1_1788701812001_c0xs,DEL-BOM,EaseMyTrip,6E,6E-5038,2026-08-31,T+1,10704,2350,13054,2026-08-30T21:23:20.903Z,FALSE,"",14:00,FALSE
fare_DEL-BOM_AI_2026-08-31_T+1_1788701812001_wbka,DEL-BOM,EaseMyTrip,AI,AI-2737,2026-08-31,T+1,10912,2395,13307,2026-08-30T21:23:20.903Z,FALSE,"",08:00,TRUE
fare_DEL-BOM_AI_2026-08-31_T+1_1788701812001_fxsi,DEL-BOM,EaseMyTrip,AI,AI-2945,2026-08-31,T+1,10912,2395,13307,2026-08-30T21:23:20.903Z,FALSE,"",11:00,TRUE
fare_DEL-BOM_AI_2026-08-31_T+1_1788701812001_nkma,DEL-BOM,EaseMyTrip,AI,AI-2943,2026-08-31,T+1,11209,2461,13670,2026-08-30T21:23:20.903Z,FALSE,"",07:30,TRUE
fare_DEL-BOM_6E_2026-08-31_T+1_1788701812001_yd7a,DEL-BOM,EaseMyTrip,6E,6E-6814,2026-08-31,T+1,11167,2451,13618,2026-08-30T21:23:20.903Z,FALSE,"",07:15,TRUE
fare_DEL-BOM_6E_2026-08-31_T+1_1788701812001_f8bo,DEL-BOM,EaseMyTrip,6E,6E-465,2026-08-31,T+1,11167,2451,13618,2026-08-30T21:23:20.903Z,FALSE,"",08:00,TRUE
fare_DEL-BOM_6E_2026-08-31_T+1_1788701812001_0ghj,DEL-BOM,EaseMyTrip,6E,6E-622,2026-08-31,T+1,11167,2451,13618,2026-08-30T21:23:20.903Z,FALSE,"",08:00,TRUE
fare_DEL-BOM_IX_2026-08-31_T+1_1788701812001_v17d,DEL-BOM,EaseMyTrip,IX,IX-1395,2026-08-31,T+1,11725,2574,14299,2026-08-30T21:23:20.903Z,FALSE,"",19:15,TRUE
fare_DEL-BOM_AI_2026-08-31_T+1_1788701812001_eub6,DEL-BOM,EaseMyTrip,AI,AI-9757,2026-08-31,T+1,11747,2579,14326,2026-08-30T21:23:20.903Z,FALSE,"",11:50,FALSE
fare_DEL-BOM_6E_2026-08-31_T+1_1788701812001_yq16,DEL-BOM,EaseMyTrip,6E,6E-2383,2026-08-31,T+1,11788,2588,14376,2026-08-30T21:23:20.903Z,FALSE,"",05:40,FALSE
fare_DEL-BOM_QP_2026-08-31_T+1_1788701812001_d8s1,DEL-BOM,EaseMyTrip,QP,QP-1119,2026-08-31,T+1,11797,2590,14387,2026-08-30T21:23:20.903Z,FALSE,"",08:40,TRUE
fare_DEL-BOM_IX_2026-08-31_T+1_1788701812001_qpkj,DEL-BOM,EaseMyTrip,IX,IX-1068,2026-08-31,T+1,12453,2734,15187,2026-08-30T21:23:20.903Z,FALSE,"",12:00,FALSE
fare_DEL-BOM_6E_2026-08-31_T+1_1788701812001_djyu,DEL-BOM,EaseMyTrip,6E,6E-2341,2026-08-31,T+1,12144,2666,14810,2026-08-30T21:23:20.903Z,FALSE,"",14:50,FALSE
fare_DEL-BOM_6E_2026-08-31_T+1_1788701812001_v58g,DEL-BOM,EaseMyTrip,6E,6E-2331,2026-08-31,T+1,12144,2666,14810,2026-08-30T21:23:20.903Z,FALSE,"",12:20,FALSE
fare_DEL-BOM_6E_2026-08-31_T+1_1788701812001_ld9f,DEL-BOM,EaseMyTrip,6E,6E-6829,2026-08-31,T+1,12311,2703,15014,2026-08-30T21:23:20.903Z,FALSE,"",17:20,FALSE
fare_DEL-BOM_6E_2026-08-31_T+1_1788701812001_s9rg,DEL-BOM,EaseMyTrip,6E,6E-7646,2026-08-31,T+1,12494,2742,15236,2026-08-30T21:23:20.903Z,FALSE,"",06:15,FALSE
fare_DEL-BOM_IX_2026-08-31_T+1_1788701812001_6bxa,DEL-BOM,EaseMyTrip,IX,IX-2146,2026-08-31,T+1,12993,2852,15845,2026-08-30T21:23:20.903Z,FALSE,"",06:20,FALSE
fare_DEL-BOM_6E_2026-08-31_T+1_1788701812001_gtih,DEL-BOM,EaseMyTrip,6E,6E-6443,2026-08-31,T+1,12605,2767,15372,2026-08-30T21:23:20.903Z,FALSE,"",09:00,FALSE
fare_DEL-BOM_6E_2026-08-31_T+1_1788701812001_0w2o,DEL-BOM,EaseMyTrip,6E,6E-716,2026-08-31,T+1,12699,2788,15487,2026-08-30T21:23:20.903Z,FALSE,"",12:15,FALSE
fare_DEL-BOM_6E_2026-08-31_T+1_1788701812001_obab,DEL-BOM,EaseMyTrip,6E,6E-965,2026-08-31,T+1,12699,2788,15487,2026-08-30T21:23:20.903Z,FALSE,"",12:15,FALSE
fare_DEL-BOM_6E_2026-08-31_T+1_1788701812001_g5nw,DEL-BOM,EaseMyTrip,6E,6E-6497,2026-08-31,T+1,12777,2805,15582,2026-08-30T21:23:20.903Z,FALSE,"",18:45,FALSE
fare_DEL-BOM_AI_2026-08-31_T+1_1788701812001_y025,DEL-BOM,EaseMyTrip,AI,AI-9674,2026-08-31,T+1,13072,2869,15941,2026-08-30T21:23:20.903Z,FALSE,"",16:40,FALSE
fare_DEL-BOM_6E_2026-08-31_T+1_1788701812001_mbv7,DEL-BOM,EaseMyTrip,6E,6E-5198,2026-08-31,T+1,12961,2845,15806,2026-08-30T21:23:20.903Z,FALSE,"",15:00,TRUE
fare_DEL-BOM_6E_2026-08-31_T+1_1788701812001_4f4s,DEL-BOM,EaseMyTrip,6E,6E-6601,2026-08-31,T+1,12996,2853,15849,2026-08-30T21:23:20.903Z,FALSE,"",19:45,FALSE
fare_DEL-BOM_AI_2026-08-31_T+1_1788701812001_idp2,DEL-BOM,EaseMyTrip,AI,AI-2627,2026-08-31,T+1,13166,2890,16056,2026-08-30T21:23:20.903Z,FALSE,"",10:45,FALSE
fare_DEL-BOM_AI_2026-08-31_T+1_1788701812001_w3c3,DEL-BOM,EaseMyTrip,AI,AI-415,2026-08-31,T+1,13275,2914,16189,2026-08-30T21:23:20.903Z,FALSE,"",12:40,FALSE
fare_DEL-BOM_6E_2026-08-31_T+1_1788701812001_jw6v,DEL-BOM,EaseMyTrip,6E,6E-2571,2026-08-31,T+1,13367,2934,16301,2026-08-30T21:23:20.903Z,FALSE,"",12:30,FALSE
fare_DEL-BOM_6E_2026-08-31_T+1_1788701812001_hxei,DEL-BOM,EaseMyTrip,6E,6E-5014,2026-08-31,T+1,13630,2992,16622,2026-08-30T21:23:20.903Z,FALSE,"",18:30,FALSE
fare_DEL-BOM_6E_2026-08-31_T+1_1788701812001_zbxx,DEL-BOM,EaseMyTrip,6E,6E-2076,2026-08-31,T+1,13630,2992,16622,2026-08-30T21:23:20.903Z,FALSE,"",07:30,FALSE
fare_DEL-BOM_QP_2026-08-31_T+1_1788701812001_d8fh,DEL-BOM,EaseMyTrip,QP,QP-1833,2026-08-31,T+1,13646,2996,16642,2026-08-30T21:23:20.903Z,FALSE,"",06:50,TRUE
fare_DEL-BOM_6E_2026-08-31_T+1_1788701812001_ro9g,DEL-BOM,EaseMyTrip,6E,6E-5138,2026-08-31,T+1,13737,3016,16753,2026-08-30T21:23:20.903Z,FALSE,"",19:10,FALSE
fare_DEL-BOM_AI_2026-08-31_T+1_1788701812001_nd2m,DEL-BOM,EaseMyTrip,AI,AI-2425,2026-08-31,T+1,13940,3060,17000,2026-08-30T21:23:20.903Z,FALSE,"",10:30,TRUE
fare_DEL-BOM_AI_2026-08-31_T+1_1788701812001_4j7y,DEL-BOM,EaseMyTrip,AI,AI-9722,2026-08-31,T+1,14043,3082,17125,2026-08-30T21:23:20.903Z,FALSE,"",12:00,FALSE
fare_DEL-BOM_6E_2026-08-31_T+1_1788701812001_mdkh,DEL-BOM,EaseMyTrip,6E,6E-6212,2026-08-31,T+1,13910,3053,16963,2026-08-30T21:23:20.903Z,FALSE,"",14:45,FALSE
fare_DEL-BOM_AI_2026-08-31_T+1_1788701812001_3mk1,DEL-BOM,EaseMyTrip,AI,AI-2907,2026-08-31,T+1,14197,3117,17314,2026-08-30T21:23:20.903Z,FALSE,"",11:55,FALSE
fare_DEL-BOM_6E_2026-08-31_T+1_1788701812001_tbk6,DEL-BOM,EaseMyTrip,6E,6E-6490,2026-08-31,T+1,14163,3109,17272,2026-08-30T21:23:20.903Z,FALSE,"",04:55,FALSE
fare_DEL-BOM_AI_2026-08-31_T+1_1788701812001_d61j,DEL-BOM,EaseMyTrip,AI,AI-2429,2026-08-31,T+1,14329,3145,17474,2026-08-30T21:23:20.903Z,FALSE,"",07:00,TRUE
fare_DEL-BOM_IX_2026-08-31_T+1_1788701812001_5zin,DEL-BOM,EaseMyTrip,IX,IX-1789,2026-08-31,T+1,14686,3224,17910,2026-08-30T21:23:20.903Z,FALSE,"",10:40,FALSE
fare_DEL-BOM_IX_2026-08-31_T+1_1788701812001_r3hf,DEL-BOM,EaseMyTrip,IX,IX-1003,2026-08-31,T+1,14995,3292,18287,2026-08-30T21:23:20.903Z,FALSE,"",19:10,FALSE
fare_DEL-BOM_IX_2026-08-31_T+1_1788701812001_etb7,DEL-BOM,EaseMyTrip,IX,IX-1070,2026-08-31,T+1,15359,3371,18730,2026-08-30T21:23:20.903Z,FALSE,"",18:40,FALSE
fare_DEL-BOM_AI_2026-08-31_T+1_1788701812001_7q5s,DEL-BOM,EaseMyTrip,AI,AI-491,2026-08-31,T+1,14931,3278,18209,2026-08-30T21:23:20.903Z,FALSE,"",11:15,FALSE
fare_DEL-BOM_AI_2026-08-31_T+1_1788701812001_sxhn,DEL-BOM,EaseMyTrip,AI,AI-1711,2026-08-31,T+1,14931,3278,18209,2026-08-30T21:23:20.903Z,FALSE,"",10:25,FALSE
fare_DEL-BOM_6E_2026-08-31_T+1_1788701812001_ylie,DEL-BOM,EaseMyTrip,6E,6E-6488,2026-08-31,T+1,14923,3276,18199,2026-08-30T21:23:20.903Z,FALSE,"",11:20,FALSE
fare_DEL-BOM_QP_2026-08-31_T+1_1788701812001_65dx,DEL-BOM,EaseMyTrip,QP,QP-1812,2026-08-31,T+1,14948,3281,18229,2026-08-30T21:23:20.903Z,FALSE,"",22:55,FALSE
fare_DEL-BOM_6E_2026-08-31_T+1_1788701812001_3gdb,DEL-BOM,EaseMyTrip,6E,6E-6569,2026-08-31,T+1,14981,3289,18270,2026-08-30T21:23:20.903Z,FALSE,"",05:00,FALSE
fare_DEL-BOM_6E_2026-08-31_T+1_1788701812001_83xk,DEL-BOM,EaseMyTrip,6E,6E-6282,2026-08-31,T+1,15154,3326,18480,2026-08-30T21:23:20.903Z,FALSE,"",13:30,FALSE
fare_DEL-BOM_6E_2026-08-31_T+1_1788701812001_xkgo,DEL-BOM,EaseMyTrip,6E,6E-2013,2026-08-31,T+1,15614,3428,19042,2026-08-30T21:23:20.903Z,FALSE,"",21:50,FALSE
fare_DEL-BOM_AI_2026-08-31_T+1_1788701812001_enhd,DEL-BOM,EaseMyTrip,AI,AI-1779,2026-08-31,T+1,15898,3490,19388,2026-08-30T21:23:20.903Z,FALSE,"",13:55,FALSE
fare_DEL-BOM_AI_2026-08-31_T+1_1788701812001_ig0n,DEL-BOM,EaseMyTrip,AI,AI-9418,2026-08-31,T+1,15995,3511,19506,2026-08-30T21:23:20.903Z,FALSE,"",13:10,FALSE
fare_DEL-BOM_6E_2026-08-31_T+1_1788701812001_z48j,DEL-BOM,EaseMyTrip,6E,6E-2249,2026-08-31,T+1,16005,3513,19518,2026-08-30T21:23:20.903Z,FALSE,"",15:00,FALSE
fare_DEL-BOM_AI_2026-08-31_T+1_1788701812001_jyh8,DEL-BOM,EaseMyTrip,AI,AI-423,2026-08-31,T+1,16619,3648,20267,2026-08-30T21:23:20.903Z,FALSE,"",09:50,FALSE
fare_DEL-BOM_AI_2026-08-31_T+1_1788701812001_dnoa,DEL-BOM,EaseMyTrip,AI,AI-2417,2026-08-31,T+1,16796,3687,20483,2026-08-30T21:23:20.903Z,FALSE,"",13:00,FALSE
fare_DEL-BOM_IX_2026-08-31_T+1_1788701812001_n2m9,DEL-BOM,EaseMyTrip,IX,IX-1482,2026-08-31,T+1,17408,3821,21229,2026-08-30T21:23:20.903Z,FALSE,"",08:30,FALSE
fare_DEL-BOM_IX_2026-08-31_T+1_1788701812001_bf50,DEL-BOM,EaseMyTrip,IX,IX-1057,2026-08-31,T+1,17923,3934,21857,2026-08-30T21:23:20.903Z,FALSE,"",05:25,FALSE
fare_DEL-BOM_6E_2026-08-31_T+1_1788701812001_ib6t,DEL-BOM,EaseMyTrip,6E,6E-812,2026-08-31,T+1,17745,3895,21640,2026-08-30T21:23:20.903Z,FALSE,"",19:35,FALSE
fare_DEL-BOM_6E_2026-08-31_T+1_1788701812001_yrao,DEL-BOM,EaseMyTrip,6E,6E-536,2026-08-31,T+1,17745,3895,21640,2026-08-30T21:23:20.903Z,FALSE,"",19:35,FALSE
fare_DEL-BOM_IX_2026-08-31_T+1_1788701812001_h9sz,DEL-BOM,EaseMyTrip,IX,IX-1056,2026-08-31,T+1,18534,4069,22603,2026-08-30T21:23:20.903Z,FALSE,"",17:50,TRUE
fare_DEL-BOM_6E_2026-08-31_T+1_1788701812001_7qyr,DEL-BOM,EaseMyTrip,6E,6E-7642,2026-08-31,T+1,18017,3955,21972,2026-08-30T21:23:20.903Z,FALSE,"",15:45,FALSE
fare_DEL-BOM_IX_2026-08-31_T+1_1788701812001_cplp,DEL-BOM,EaseMyTrip,IX,IX-1108,2026-08-31,T+1,18910,4151,23061,2026-08-30T21:23:20.903Z,FALSE,"",05:00,FALSE
fare_DEL-BOM_6E_2026-08-31_T+1_1788701812001_yc8i,DEL-BOM,EaseMyTrip,6E,6E-5073,2026-08-31,T+1,19398,4258,23656,2026-08-30T21:23:20.903Z,FALSE,"",17:05,FALSE
fare_DEL-BOM_AI_2026-08-31_T+1_1788701812001_dzjx,DEL-BOM,EaseMyTrip,AI,AI-1745,2026-08-31,T+1,19893,4367,24260,2026-08-30T21:23:20.903Z,FALSE,"",05:30,TRUE
fare_DEL-BOM_QP_2026-08-31_T+1_1788701812001_ttr4,DEL-BOM,EaseMyTrip,QP,QP-1822,2026-08-31,T+1,19750,4335,24085,2026-08-30T21:23:20.903Z,FALSE,"",16:40,FALSE
fare_DEL-BOM_6E_2026-08-31_T+1_1788701812001_5oed,DEL-BOM,EaseMyTrip,6E,6E-424,2026-08-31,T+1,20630,4529,25159,2026-08-30T21:23:20.903Z,FALSE,"",10:00,FALSE
fare_DEL-BOM_6E_2026-08-31_T+1_1788701812001_kps9,DEL-BOM,EaseMyTrip,6E,6E-100,2026-08-31,T+1,20630,4529,25159,2026-08-30T21:23:20.903Z,FALSE,"",10:00,FALSE
fare_DEL-BOM_6E_2026-08-31_T+1_1788701812001_xf53,DEL-BOM,EaseMyTrip,6E,6E-2381,2026-08-31,T+1,21299,4675,25974,2026-08-30T21:23:20.903Z,FALSE,"",13:45,FALSE
fare_DEL-BOM_6E_2026-08-31_T+1_1788701812001_cwrg,DEL-BOM,EaseMyTrip,6E,6E-5119,2026-08-31,T+1,23725,5208,28933,2026-08-30T21:23:20.903Z,FALSE,"",05:10,FALSE
fare_DEL-BOM_6E_2026-08-31_T+1_1788701812001_ui7r,DEL-BOM,EaseMyTrip,6E,6E-6459,2026-08-31,T+1,23942,5255,29197,2026-08-30T21:23:20.903Z,FALSE,"",05:55,FALSE
fare_DEL-BOM_6E_2026-08-31_T+1_1788701812001_vf3e,DEL-BOM,EaseMyTrip,6E,6E-6293,2026-08-31,T+1,25648,5630,31278,2026-08-30T21:23:20.903Z,FALSE,"",09:55,FALSE
fare_DEL-BOM_6E_2026-08-31_T+1_1788701812001_0u91,DEL-BOM,EaseMyTrip,6E,6E-265,2026-08-31,T+1,26480,5813,32293,2026-08-30T21:23:20.903Z,TRUE,"High outlier: ₹32293 > upper fence ₹31401 (Q3: ₹17304, IQR: ₹9398)",08:30,FALSE
fare_DEL-BOM_6E_2026-08-31_T+1_1788701812001_hzw9,DEL-BOM,EaseMyTrip,6E,6E-447,2026-08-31,T+1,26480,5813,32293,2026-08-30T21:23:20.903Z,TRUE,"High outlier: ₹32293 > upper fence ₹31401 (Q3: ₹17304, IQR: ₹9398)",08:30,FALSE
fare_DEL-BOM_AI_2026-08-31_T+1_1788701812001_8f9q,DEL-BOM,EaseMyTrip,AI,AI-429,2026-08-31,T+1,28331,6219,34550,2026-08-30T21:23:20.903Z,TRUE,"High outlier: ₹34550 > upper fence ₹31401 (Q3: ₹17304, IQR: ₹9398)",10:20,FALSE
fare_DEL-BOM_AI_2026-08-31_T+1_1788701812001_v1ju,DEL-BOM,EaseMyTrip,AI,AI-1743,2026-08-31,T+1,31121,6831,37952,2026-08-30T21:23:20.903Z,TRUE,"High outlier: ₹37952 > upper fence ₹31401 (Q3: ₹17304, IQR: ₹9398)",07:00,FALSE
fare_DEL-BOM_AI_2026-08-31_T+1_1788701812001_iuj2,DEL-BOM,EaseMyTrip,AI,AI-2465,2026-08-31,T+1,34014,7466,41480,2026-08-30T21:23:20.903Z,TRUE,"High outlier: ₹41480 > upper fence ₹31401 (Q3: ₹17304, IQR: ₹9398)",14:30,FALSE
fare_DEL-BOM_AI_2026-08-31_T+1_1788701812001_yhs8,DEL-BOM,EaseMyTrip,AI,AI-2653,2026-08-31,T+1,36808,8080,44888,2026-08-30T21:23:20.903Z,TRUE,"High outlier: ₹44888 > upper fence ₹31401 (Q3: ₹17304, IQR: ₹9398)",04:30,FALSE
fare_DEL-BOM_AI_2026-08-31_T+1_1788701812001_6b2g,DEL-BOM,EaseMyTrip,AI,AI-2803,2026-08-31,T+1,36808,8080,44888,2026-08-30T21:23:20.903Z,TRUE,"High outlier: ₹44888 > upper fence ₹31401 (Q3: ₹17304, IQR: ₹9398)",06:30,FALSE